First Name,Last Name,Email Address,Password,License Type,Race
Amdír,Shining Star,amdir.shining.star_501@cxstudio.app,1234567890Aa!,Report Consumer,Elf
Odo,The Unyielding,odo.the.unyielding_502@cxstudio.app,1234567890Aa!,Report Consumer,Hobbit
Beregond,Fair,beregond.fair_503@cxstudio.app,1234567890Aa!,Report Consumer,Man
Háma,Proud,hama.proud_504@cxstudio.app,1234567890Aa!,Report Consumer,Man
Annael,Saint,annael.saint_505@cxstudio.app,1234567890Aa!,Report Consumer,Elf
Galathil,Tranquil,galathil.tranquil_506@cxstudio.app,1234567890Aa!,Report Consumer,Elf
Curufin,Singing Thunder,curufin.singing.thunder_507@cxstudio.app,1234567890Aa!,Report Consumer,Elf
Fastred,Perceptive,fastred.perceptive_508@cxstudio.app,1234567890Aa!,Report Consumer,Man
Thráin,II,thrain.ii_509@cxstudio.app,1234567890Aa!,Report Consumer,Dwarf
Galathil,The Audacious,galathil.the.audacious_510@cxstudio.app,1234567890Aa!,Report Consumer,Elf
Théoden,Resplendent,theoden.resplendent_511@cxstudio.app,1234567890Aa!,Report Consumer,Man
Gorbulas,Brandybuck,gorbulas.brandybuck_512@cxstudio.app,1234567890Aa!,Report Consumer,Hobbit
Durin,V,durin.v_513@cxstudio.app,1234567890Aa!,Report Consumer,Dwarf
Arod,Passionate,arod.passionate_514@cxstudio.app,1234567890Aa!,Report Consumer,horse
Alfrida,The Victorious,alfrida.the.victorious_515@cxstudio.app,1234567890Aa!,Report Consumer,Hobbit
Khîm,Laughing Brook,khim.laughing.brook_516@cxstudio.app,1234567890Aa!,Report Consumer,Dwarf
Fladrif,Singing Lark,fladrif.singing.lark_517@cxstudio.app,1234567890Aa!,Report Consumer,Ent
Orchaldor,Sunflower,orchaldor.sunflower_518@cxstudio.app,1234567890Aa!,Report Consumer,Man
Túrin,Turambar,turin.turambar_519@cxstudio.app,1234567890Aa!,Report Consumer,Man
Ori,Silent Forest,ori.silent.forest_520@cxstudio.app,1234567890Aa!,Report Consumer,Dwarf
Thingol,The Fair,thingol.the.fair_521@cxstudio.app,1234567890Aa!,Report Consumer,Elf
Dúnhere,Resilient,dunhere.resilient_522@cxstudio.app,1234567890Aa!,Report Consumer,Man
Algund,Courageous,algund.courageous_523@cxstudio.app,1234567890Aa!,Report Consumer,Man
Blanco,Peaceful Harbor,blanco.peaceful.harbor_524@cxstudio.app,1234567890Aa!,Report Consumer,Hobbit
Belegund,Empirical,belegund.empirical_525@cxstudio.app,1234567890Aa!,Report Consumer,Man
Pengolodh,Little Falcon,pengolodh.little.falcon_526@cxstudio.app,1234567890Aa!,Report Consumer,Elf
Mablung,Steadfast,mablung.steadfast_527@cxstudio.app,1234567890Aa!,Report Consumer,Elf
Hamson,The Revered,hamson.the.revered_528@cxstudio.app,1234567890Aa!,Report Consumer,Hobbit
Eärendil,Conscientious,earendil.conscientious_529@cxstudio.app,1234567890Aa!,Report Consumer,Half-elf
Fredegar,Bolger,fredegar.bolger_530@cxstudio.app,1234567890Aa!,Report Consumer,Hobbit
Borondir,Precious,borondir.precious_531@cxstudio.app,1234567890Aa!,Report Consumer,Man
Minardil,The Victorious,minardil.the.victorious_532@cxstudio.app,1234567890Aa!,Report Consumer,Man
Sancho,Little Falcon,sancho.little.falcon_533@cxstudio.app,1234567890Aa!,Report Consumer,Hobbit
Turgon,The Sovereign,turgon.the.sovereign_534@cxstudio.app,1234567890Aa!,Report Consumer,Man
Boromir,Virtuous,boromir.virtuous_535@cxstudio.app,1234567890Aa!,Report Consumer,Man
Baragund,Serene Lake,baragund.serene.lake_536@cxstudio.app,1234567890Aa!,Report Consumer,Man
Amarië,Virtuous,amarie.virtuous_537@cxstudio.app,1234567890Aa!,Report Consumer,Elf
Malva,Headstrong,malva.headstrong_538@cxstudio.app,1234567890Aa!,Report Consumer,Hobbit
Ponto,Baggins I,ponto.baggins.i_539@cxstudio.app,1234567890Aa!,Report Consumer,Hobbit
Fundin,Gentle Breeze,fundin.gentle.breeze_540@cxstudio.app,1234567890Aa!,Report Consumer,Dwarf
Salmar,Sagacious,salmar.sagacious_541@cxstudio.app,1234567890Aa!,Report Consumer,Maia
Argeleb,Exalted,argeleb.exalted_542@cxstudio.app,1234567890Aa!,Report Consumer,Man
Robin,Resplendent,robin.resplendent_543@cxstudio.app,1234567890Aa!,Report Consumer,Hobbit
Narmacil,Dancing Flame,narmacil.dancing.flame_544@cxstudio.app,1234567890Aa!,Report Consumer,Man
Bain,Running Bear,bain.running.bear_545@cxstudio.app,1234567890Aa!,Report Consumer,Man
Tosto,Boffin,tosto.boffin_546@cxstudio.app,1234567890Aa!,Report Consumer,Hobbit
Eöl,Peaceful Dawn,eol.peaceful.dawn_547@cxstudio.app,1234567890Aa!,Report Consumer,Elf
Primula,Brandybuck,primula.brandybuck_548@cxstudio.app,1234567890Aa!,Report Consumer,Hobbit
Meriadoc,Brandybuck,meriadoc.brandybuck_549@cxstudio.app,1234567890Aa!,Report Consumer,Hobbit
Vigo,Boffin,vigo.boffin_550@cxstudio.app,1234567890Aa!,Report Consumer,Hobbit
Beldis,Brave Heart,beldis.brave.heart_551@cxstudio.app,1234567890Aa!,Report Consumer,Man
Madoc,Brandybuck,madoc.brandybuck_552@cxstudio.app,1234567890Aa!,Report Consumer,Hobbit
Ufthak,Silent Forest,ufthak.silent.forest_553@cxstudio.app,1234567890Aa!,Report Consumer,Orc
Finwë,Blue Sky,finwe.blue.sky_554@cxstudio.app,1234567890Aa!,Report Consumer,Elf
Griffo,Swift Feather,griffo.swift.feather_555@cxstudio.app,1234567890Aa!,Report Consumer,Hobbit
Frodo,Sunflower,frodo.sunflower_556@cxstudio.app,1234567890Aa!,Report Consumer,Hobbit
Hyarmendacil,II,hyarmendacil.ii_557@cxstudio.app,1234567890Aa!,Report Consumer,Man
Olwë,Soaring Hawk,olwe.soaring.hawk_558@cxstudio.app,1234567890Aa!,Report Consumer,Elf
Aerin,Peaceful Dawn,aerin.peaceful.dawn_559@cxstudio.app,1234567890Aa!,Report Consumer,Man
Gorbag,Whispering Owl,gorbag.whispering.owl_560@cxstudio.app,1234567890Aa!,Report Consumer,Orc
Hob,Gammidge,hob.gammidge_561@cxstudio.app,1234567890Aa!,Report Consumer,Hobbit
Bandobras,Took,bandobras.took_562@cxstudio.app,1234567890Aa!,Report Consumer,Hobbit
Grithnir,Strong Rock,grithnir.strong.rock_563@cxstudio.app,1234567890Aa!,Report Consumer,Man
Nimloth,Autumn Flame,nimloth.autumn.flame_564@cxstudio.app,1234567890Aa!,Report Consumer,Elf
Hallatan,The Bold,hallatan.the.bold_565@cxstudio.app,1234567890Aa!,Report Consumer,Man
Blanco,Gentle Spirit,blanco.gentle.spirit_566@cxstudio.app,1234567890Aa!,Report Consumer,Hobbit
Briffo,Quiet Fox,briffo.quiet.fox_567@cxstudio.app,1234567890Aa!,Report Consumer,Hobbit
Isembard,Took,isembard.took_568@cxstudio.app,1234567890Aa!,Report Consumer,Hobbit
Orgulas,Brandybuck,orgulas.brandybuck_569@cxstudio.app,1234567890Aa!,Report Consumer,Hobbit
Egalmoth,Feathered Dreamer,egalmoth.feathered.dreamer_570@cxstudio.app,1234567890Aa!,Report Consumer,Elf
Walda,Strong Oak,walda.strong.oak_571@cxstudio.app,1234567890Aa!,Report Consumer,Man
Tulkas,Skilled,tulkas.skilled_572@cxstudio.app,1234567890Aa!,Report Consumer,Vala
Hamson,Gentle Spirit,hamson.gentle.spirit_573@cxstudio.app,1234567890Aa!,Report Consumer,Hobbit
Smaug,Exalted,smaug.exalted_574@cxstudio.app,1234567890Aa!,Report Consumer,dragon
Edrahil,The Empowered,edrahil.the.empowered_575@cxstudio.app,1234567890Aa!,Report Consumer,Elf
Duilin,Resplendent,duilin.resplendent_576@cxstudio.app,1234567890Aa!,Report Consumer,Man
Arvegil,The Audacious,arvegil.the.audacious_577@cxstudio.app,1234567890Aa!,Report Consumer,Man
Haldar,Dancing Flame,haldar.dancing.flame_578@cxstudio.app,1234567890Aa!,Report Consumer,Man
Thengel,The Majestic,thengel.the.majestic_579@cxstudio.app,1234567890Aa!,Report Consumer,Man
Maglor,Laughing Sun,maglor.laughing.sun_580@cxstudio.app,1234567890Aa!,Report Consumer,Elf
Pelendur,Cedar Tree,pelendur.cedar.tree_581@cxstudio.app,1234567890Aa!,Report Consumer,Man
Filibert,The Fair,filibert.the.fair_582@cxstudio.app,1234567890Aa!,Report Consumer,Hobbit
Holman,Peaceful Dawn,holman.peaceful.dawn_583@cxstudio.app,1234567890Aa!,Report Consumer,Hobbit
Fastred,Proud,fastred.proud_584@cxstudio.app,1234567890Aa!,Report Consumer,Hobbit
Hiril,Running Thunder,hiril.running.thunder_585@cxstudio.app,1234567890Aa!,Report Consumer,Man
Folcred,The Invincible,folcred.the.invincible_586@cxstudio.app,1234567890Aa!,Report Consumer,Man
Eärendur,Soaring Hawk,earendur.soaring.hawk_587@cxstudio.app,1234567890Aa!,Report Consumer,Man
Elemmakil,Stone Bear,elemmakil.stone.bear_588@cxstudio.app,1234567890Aa!,Report Consumer,Elf
Meneldil,The Revered,meneldil.the.revered_589@cxstudio.app,1234567890Aa!,Report Consumer,Man
Eldacar,The Regal,eldacar.the.regal_590@cxstudio.app,1234567890Aa!,Report Consumer,Man
Aegnor,Chivalrous,aegnor.chivalrous_591@cxstudio.app,1234567890Aa!,Report Consumer,Elf
Carl,Cotton,carl.cotton_592@cxstudio.app,1234567890Aa!,Report Consumer,Hobbit
Arvedui,Peaceful Harbor,arvedui.peaceful.harbor_593@cxstudio.app,1234567890Aa!,Report Consumer,Man
Saradas,Brandybuck,saradas.brandybuck_594@cxstudio.app,1234567890Aa!,Report Consumer,Hobbit
Gléowine,Wild Mustang,gleowine.wild.mustang_595@cxstudio.app,1234567890Aa!,Report Consumer,Man
Lobelia,Sackville-Baggins,lobelia.sackville-baggins_596@cxstudio.app,1234567890Aa!,Report Consumer,Hobbit
Thorondir,Peaceful Harbor,thorondir.peaceful.harbor_597@cxstudio.app,1234567890Aa!,Report Consumer,Man
Robin,Empirical,robin.empirical_598@cxstudio.app,1234567890Aa!,Report Consumer,Hobbit
Óin,Swift Blaze,oin.swift.blaze_599@cxstudio.app,1234567890Aa!,Report Consumer,Dwarf
Hob,Hayward,hob.hayward_600@cxstudio.app,1234567890Aa!,Report Consumer,Hobbit
Halbarad,Majestic,halbarad.majestic_601@cxstudio.app,1234567890Aa!,Report Consumer,Man
Tar-Aldarion,Swift River,tar-aldarion.swift.river_602@cxstudio.app,1234567890Aa!,Report Consumer,Man
Eluréd,Benevolent,elured.benevolent_603@cxstudio.app,1234567890Aa!,Report Consumer,Half-elf
Girion,Quiet Waters,girion.quiet.waters_604@cxstudio.app,1234567890Aa!,Report Consumer,Man
Druda,Burrows,druda.burrows_605@cxstudio.app,1234567890Aa!,Report Consumer,Hobbit
Éothain,Swift Feather,eothain.swift.feather_606@cxstudio.app,1234567890Aa!,Report Consumer,Man
Marcho,Running Deer,marcho.running.deer_607@cxstudio.app,1234567890Aa!,Report Consumer,Hobbit
Helm,The Enlightened,helm.the.enlightened_608@cxstudio.app,1234567890Aa!,Report Consumer,Man
Isumbras,Artful,isumbras.artful_609@cxstudio.app,1234567890Aa!,Report Consumer,Hobbit
Gothmog,Rising Fire,gothmog.rising.fire_610@cxstudio.app,1234567890Aa!,Report Consumer,Maia
Lily,The Magnificent,lily.the.magnificent_611@cxstudio.app,1234567890Aa!,Report Consumer,Hobbit
Flói,The Revered,floi.the.revered_612@cxstudio.app,1234567890Aa!,Report Consumer,Dwarf
Haleth,The Luminous,haleth.the.luminous_613@cxstudio.app,1234567890Aa!,Report Consumer,Man
Éothain,The Mighty,eothain.the.mighty_614@cxstudio.app,1234567890Aa!,Report Consumer,Man
Dior,Laughing Waters,dior.laughing.waters_615@cxstudio.app,1234567890Aa!,Report Consumer,Half-elf
Saradoc,Serene,saradoc.serene_616@cxstudio.app,1234567890Aa!,Report Consumer,Hobbit
Estë,Laughing Waters,este.laughing.waters_617@cxstudio.app,1234567890Aa!,Report Consumer,Vala
Tarondor,Strong Oak,tarondor.strong.oak_618@cxstudio.app,1234567890Aa!,Report Consumer,Man
Thranduil,Stoic,thranduil.stoic_619@cxstudio.app,1234567890Aa!,Report Consumer,Elf
Calmacil,Serene,calmacil.serene_620@cxstudio.app,1234567890Aa!,Report Consumer,Man
Dairuin,Formidable,dairuin.formidable_621@cxstudio.app,1234567890Aa!,Report Consumer,Man
Hildifons,Took,hildifons.took_622@cxstudio.app,1234567890Aa!,Report Consumer,Hobbit
Eldacar,Sunlit Canyon,eldacar.sunlit.canyon_623@cxstudio.app,1234567890Aa!,Report Consumer,Man
Mat,Serene Valley,mat.serene.valley_624@cxstudio.app,1234567890Aa!,Report Consumer,Man
Isengrim,Took I,isengrim.took.i_625@cxstudio.app,1234567890Aa!,Report Consumer,Hobbit
Meneldor,Morning Glow,meneldor.morning.glow_626@cxstudio.app,1234567890Aa!,Report Consumer,eagle
Azaghâl,Illuminated,azaghal.illuminated_627@cxstudio.app,1234567890Aa!,Report Consumer,Dwarf
Celeborn,Gracious,celeborn.gracious_628@cxstudio.app,1234567890Aa!,Report Consumer,Elf
Dervorin,Strong Rock,dervorin.strong.rock_629@cxstudio.app,1234567890Aa!,Report Consumer,Man
Brytta,Visionary,brytta.visionary_630@cxstudio.app,1234567890Aa!,Report Consumer,Man
Ailinel,The Bold,ailinel.the.bold_631@cxstudio.app,1234567890Aa!,Report Consumer,Man
Isumbras,Audacious,isumbras.audacious_632@cxstudio.app,1234567890Aa!,Report Consumer,Hobbit
Elatan,Mountain Spirit,elatan.mountain.spirit_633@cxstudio.app,1234567890Aa!,Report Consumer,Man
Aragorn,I,aragorn.i_634@cxstudio.app,1234567890Aa!,Report Consumer,Man
Lindissë,The Charismatic,lindisse.the.charismatic_635@cxstudio.app,1234567890Aa!,Report Consumer,Man
Rosamunda,Took,rosamunda.took_636@cxstudio.app,1234567890Aa!,Report Consumer,Hobbit
Belegund,Transcendent,belegund.transcendent_637@cxstudio.app,1234567890Aa!,Report Consumer,Man
Théoden,Wild Mustang,theoden.wild.mustang_638@cxstudio.app,1234567890Aa!,Report Consumer,Man
Balbo,The Fearless,balbo.the.fearless_639@cxstudio.app,1234567890Aa!,Report Consumer,Hobbit
Aerin,Daring,aerin.daring_640@cxstudio.app,1234567890Aa!,Report Consumer,Man
Elenwë,Passionate,elenwe.passionate_641@cxstudio.app,1234567890Aa!,Report Consumer,Elf
Herucalmo,Brave Bison,herucalmo.brave.bison_642@cxstudio.app,1234567890Aa!,Report Consumer,Man
Findis,The Dauntless,findis.the.dauntless_643@cxstudio.app,1234567890Aa!,Report Consumer,Elf
Anson,The Mighty,anson.the.mighty_644@cxstudio.app,1234567890Aa!,Report Consumer,Hobbit
Herubrand,Little Falcon,herubrand.little.falcon_645@cxstudio.app,1234567890Aa!,Report Consumer,Man
Arassuil,Bold,arassuil.bold_646@cxstudio.app,1234567890Aa!,Report Consumer,Man
Hobson,Gamgee,hobson.gamgee_647@cxstudio.app,1234567890Aa!,Report Consumer,Hobbit
Ardamir,Outspoken,ardamir.outspoken_648@cxstudio.app,1234567890Aa!,Report Consumer,Man
Nellas,Starry Night,nellas.starry.night_649@cxstudio.app,1234567890Aa!,Report Consumer,Elf
Araglas,Cruel,araglas.cruel_650@cxstudio.app,1234567890Aa!,Report Consumer,Man
Bill,Morning Star,bill.morning.star_651@cxstudio.app,1234567890Aa!,Report Consumer,Troll
Lúthien,Visionary,luthien.visionary_652@cxstudio.app,1234567890Aa!,Report Consumer,Elf
Arvedui,Feathered Sky,arvedui.feathered.sky_653@cxstudio.app,1234567890Aa!,Report Consumer,Man
Belba,Baggins,belba.baggins_654@cxstudio.app,1234567890Aa!,Report Consumer,Hobbit
Lorgan,Jubilant,lorgan.jubilant_655@cxstudio.app,1234567890Aa!,Report Consumer,Man
Goldwine,Precious,goldwine.precious_656@cxstudio.app,1234567890Aa!,Report Consumer,Man
Meneldil,Majestic,meneldil.majestic_657@cxstudio.app,1234567890Aa!,Report Consumer,Man
Mungo,Baggins,mungo.baggins_658@cxstudio.app,1234567890Aa!,Report Consumer,Hobbit
Derufin,The Tenacious,derufin.the.tenacious_659@cxstudio.app,1234567890Aa!,Report Consumer,Man
Isembold,Took,isembold.took_660@cxstudio.app,1234567890Aa!,Report Consumer,Hobbit
Galdor,Just,galdor.just_661@cxstudio.app,1234567890Aa!,Report Consumer,Elf
Guthláf,The Great,guthlaf.the.great_662@cxstudio.app,1234567890Aa!,Report Consumer,Man
Marroc,The Unyielding,marroc.the.unyielding_663@cxstudio.app,1234567890Aa!,Report Consumer,Hobbit
Eorl,The Gallant,eorl.the.gallant_664@cxstudio.app,1234567890Aa!,Report Consumer,Man
Myrtle,Burrows,myrtle.burrows_665@cxstudio.app,1234567890Aa!,Report Consumer,Hobbit
Aranarth,Laughing Sun,aranarth.laughing.sun_666@cxstudio.app,1234567890Aa!,Report Consumer,Man
Tarcil,The Pious,tarcil.the.pious_667@cxstudio.app,1234567890Aa!,Report Consumer,Man
Thrór,Smiling Bear,thror.smiling.bear_668@cxstudio.app,1234567890Aa!,Report Consumer,Dwarf
Nár,Running Thunder,nar.running.thunder_669@cxstudio.app,1234567890Aa!,Report Consumer,Dwarf
Eärwen,Swift Feather,earwen.swift.feather_670@cxstudio.app,1234567890Aa!,Report Consumer,Elf
Arod,Strong,arod.strong_671@cxstudio.app,1234567890Aa!,Report Consumer,horse
Dori,Moonlight Shadow,dori.moonlight.shadow_672@cxstudio.app,1234567890Aa!,Report Consumer,Dwarf
Linda,Sunlit Meadow,linda.sunlit.meadow_673@cxstudio.app,1234567890Aa!,Report Consumer,Hobbit
Bofur,Wise,bofur.wise_674@cxstudio.app,1234567890Aa!,Report Consumer,Dwarf
Glóin,Just,gloin.just_675@cxstudio.app,1234567890Aa!,Report Consumer,Dwarf
Rían,Fearless,rian.fearless_676@cxstudio.app,1234567890Aa!,Report Consumer,Man
Harry,The Charismatic,harry.the.charismatic_677@cxstudio.app,1234567890Aa!,Report Consumer,Man
Amroth,Thundering Falls,amroth.thundering.falls_678@cxstudio.app,1234567890Aa!,Report Consumer,Elf
Elfwine,Morning Mist,elfwine.morning.mist_679@cxstudio.app,1234567890Aa!,Report Consumer,Man
Tar-Elendil,The Revered,tar-elendil.the.revered_680@cxstudio.app,1234567890Aa!,Report Consumer,Man
Haleth,Revered,haleth.revered_681@cxstudio.app,1234567890Aa!,Report Consumer,Man
Radbug,Thundering Falls,radbug.thundering.falls_682@cxstudio.app,1234567890Aa!,Report Consumer,Orc
Eärwen,Pious,earwen.pious_683@cxstudio.app,1234567890Aa!,Report Consumer,Elf
Ulwarth,Poetic,ulwarth.poetic_684@cxstudio.app,1234567890Aa!,Report Consumer,Man
Mat,Swift Feather,mat.swift.feather_685@cxstudio.app,1234567890Aa!,Report Consumer,Man
Vidumavi,Sagacious,vidumavi.sagacious_686@cxstudio.app,1234567890Aa!,Report Consumer,Man
Gothmog,Little Falcon,gothmog.little.falcon_687@cxstudio.app,1234567890Aa!,Report Consumer,Maia
Largo,Baggins,largo.baggins_688@cxstudio.app,1234567890Aa!,Report Consumer,Hobbit
Déorwine,Quiet Storm,deorwine.quiet.storm_689@cxstudio.app,1234567890Aa!,Report Consumer,Man
Bill,The Wise,bill.the.wise_690@cxstudio.app,1234567890Aa!,Report Consumer,Troll
Berilac,Brandybuck,berilac.brandybuck_691@cxstudio.app,1234567890Aa!,Report Consumer,Hobbit
Arciryas,Sublime,arciryas.sublime_692@cxstudio.app,1234567890Aa!,Report Consumer,Man
Boromir,Majestic,boromir.majestic_693@cxstudio.app,1234567890Aa!,Report Consumer,Man
Éowyn,Fearless,eowyn.fearless_694@cxstudio.app,1234567890Aa!,Report Consumer,Man
Tar-Telperiën,Dancing Rainbow,tar-telperien.dancing.rainbow_695@cxstudio.app,1234567890Aa!,Report Consumer,Man
Farmer,Enigmatic,farmer.enigmatic_696@cxstudio.app,1234567890Aa!,Report Consumer,Hobbit
Gundahad,Bolger,gundahad.bolger_697@cxstudio.app,1234567890Aa!,Report Consumer,Hobbit
Beleg,Running Brook,beleg.running.brook_698@cxstudio.app,1234567890Aa!,Report Consumer,Elf
Rían,Visionary,rian.visionary_699@cxstudio.app,1234567890Aa!,Report Consumer,Man
Rose,Gardner,rose.gardner_700@cxstudio.app,1234567890Aa!,Report Consumer,Hobbit
Ar-Gimilzôr,The Luminous,ar-gimilzor.the.luminous_701@cxstudio.app,1234567890Aa!,Report Consumer,Man
Hunthor,Dancing Fire,hunthor.dancing.fire_702@cxstudio.app,1234567890Aa!,Report Consumer,Man
Holman,Cotton,holman.cotton_703@cxstudio.app,1234567890Aa!,Report Consumer,Hobbit
Gundabald,Feathered Song,gundabald.feathered.song_704@cxstudio.app,1234567890Aa!,Report Consumer,Hobbit
Tar-Meneldur,Silent Forest,tar-meneldur.silent.forest_705@cxstudio.app,1234567890Aa!,Report Consumer,Man
Grishnákh,Noble,grishnakh.noble_706@cxstudio.app,1234567890Aa!,Report Consumer,Orc
Farin,Stone Path,farin.stone.path_707@cxstudio.app,1234567890Aa!,Report Consumer,Dwarf
Durin,III,durin.iii_708@cxstudio.app,1234567890Aa!,Report Consumer,Dwarf
Amarië,Swift River,amarie.swift.river_709@cxstudio.app,1234567890Aa!,Report Consumer,Elf
Dina,Smiling Fox,dina.smiling.fox_710@cxstudio.app,1234567890Aa!,Report Consumer,Hobbit
Malva,Rising Moon,malva.rising.moon_711@cxstudio.app,1234567890Aa!,Report Consumer,Hobbit
Almarian,Jubilant,almarian.jubilant_712@cxstudio.app,1234567890Aa!,Report Consumer,Man
Pervinca,Took,pervinca.took_713@cxstudio.app,1234567890Aa!,Report Consumer,Hobbit
Egalmoth,Outspoken,egalmoth.outspoken_714@cxstudio.app,1234567890Aa!,Report Consumer,Man
Tar-Ancalimon,Jubilant,tar-ancalimon.jubilant_715@cxstudio.app,1234567890Aa!,Report Consumer,Man
Thorin,II Oakenshield,thorin.ii.oakenshield_716@cxstudio.app,1234567890Aa!,Report Consumer,Dwarf
Bregolas,Passionate,bregolas.passionate_717@cxstudio.app,1234567890Aa!,Report Consumer,Man
Iorlas,Swift Arrow,iorlas.swift.arrow_718@cxstudio.app,1234567890Aa!,Report Consumer,Man
Gundor,The Audacious,gundor.the.audacious_719@cxstudio.app,1234567890Aa!,Report Consumer,Man
Buffo,Boffin,buffo.boffin_720@cxstudio.app,1234567890Aa!,Report Consumer,Hobbit
Marigold,Gamgee,marigold.gamgee_721@cxstudio.app,1234567890Aa!,Report Consumer,Hobbit
Gruffo,Mighty,gruffo.mighty_722@cxstudio.app,1234567890Aa!,Report Consumer,Hobbit
Wiseman,Gamwich,wiseman.gamwich_723@cxstudio.app,1234567890Aa!,Report Consumer,Hobbit
Hobson,Swift River,hobson.swift.river_724@cxstudio.app,1234567890Aa!,Report Consumer,Hobbit
Harry,Lionheart,harry.lionheart_725@cxstudio.app,1234567890Aa!,Report Consumer,Man
Glóin,Peaceful River,gloin.peaceful.river_726@cxstudio.app,1234567890Aa!,Report Consumer,Dwarf
Faramir,Splendid,faramir.splendid_727@cxstudio.app,1234567890Aa!,Report Consumer,Man
Balin,Conqueror,balin.conqueror_728@cxstudio.app,1234567890Aa!,Report Consumer,Dwarf
Borin,The Magnificent,borin.the.magnificent_729@cxstudio.app,1234567890Aa!,Report Consumer,Dwarf
Glorfindel,Quiet Waters,glorfindel.quiet.waters_730@cxstudio.app,1234567890Aa!,Report Consumer,Elf
Horn,Enigmatic,horn.enigmatic_731@cxstudio.app,1234567890Aa!,Report Consumer,Man
Paladin,Bold,paladin.bold_732@cxstudio.app,1234567890Aa!,Report Consumer,Hobbit
Wiseman,Serene Valley,wiseman.serene.valley_733@cxstudio.app,1234567890Aa!,Report Consumer,Hobbit
Lily,Ingenious,lily.ingenious_734@cxstudio.app,1234567890Aa!,Report Consumer,Hobbit
Halfast,Gamgee,halfast.gamgee_735@cxstudio.app,1234567890Aa!,Report Consumer,Hobbit
Arveleg,II,arveleg.ii_736@cxstudio.app,1234567890Aa!,Report Consumer,Man
Esmeralda,The Mighty,esmeralda.the.mighty_737@cxstudio.app,1234567890Aa!,Report Consumer,Hobbit
Fastolph,Little Falcon,fastolph.little.falcon_738@cxstudio.app,1234567890Aa!,Report Consumer,Hobbit
Tosto,Mountain Dream,tosto.mountain.dream_739@cxstudio.app,1234567890Aa!,Report Consumer,Hobbit
Indis,Dancing Rainbow,indis.dancing.rainbow_740@cxstudio.app,1234567890Aa!,Report Consumer,Elf
Adaldrida,Bolger,adaldrida.bolger_741@cxstudio.app,1234567890Aa!,Report Consumer,Hobbit
Orophin,Golden Fields,orophin.golden.fields_742@cxstudio.app,1234567890Aa!,Report Consumer,Elf
Lalia,The Majestic,lalia.the.majestic_743@cxstudio.app,1234567890Aa!,Report Consumer,Hobbit
Golasgil,Laughing Brook,golasgil.laughing.brook_744@cxstudio.app,1234567890Aa!,Report Consumer,Man
Caranthir,Chivalrous,caranthir.chivalrous_745@cxstudio.app,1234567890Aa!,Report Consumer,Elf
Fosco,Courageous,fosco.courageous_746@cxstudio.app,1234567890Aa!,Report Consumer,Hobbit
Thorin,Heroic,thorin.heroic_747@cxstudio.app,1234567890Aa!,Report Consumer,Dwarf
Nár,Thundering Sky,nar.thundering.sky_748@cxstudio.app,1234567890Aa!,Report Consumer,Dwarf
Thráin,Laughing Brook,thrain.laughing.brook_749@cxstudio.app,1234567890Aa!,Report Consumer,Dwarf
Cirion,The Wise,cirion.the.wise_750@cxstudio.app,1234567890Aa!,Report Consumer,Man
Léod,Empowered,leod.empowered_751@cxstudio.app,1234567890Aa!,Report Consumer,Man
Elfstan,Fairbairn,elfstan.fairbairn_752@cxstudio.app,1234567890Aa!,Report Consumer,Hobbit
Gundabald,Stone Bear,gundabald.stone.bear_753@cxstudio.app,1234567890Aa!,Report Consumer,Hobbit
Rose,Kind,rose.kind_754@cxstudio.app,1234567890Aa!,Report Consumer,Hobbit
Belecthor,The Fair,belecthor.the.fair_755@cxstudio.app,1234567890Aa!,Report Consumer,Man
Nerdanel,Precious,nerdanel.precious_756@cxstudio.app,1234567890Aa!,Report Consumer,Elf
Varda,Peaceful Harbor,varda.peaceful.harbor_757@cxstudio.app,1234567890Aa!,Report Consumer,Vala
Rúmil,Strong,rumil.strong_758@cxstudio.app,1234567890Aa!,Report Consumer,Elf
Erendis,The Enlightened,erendis.the.enlightened_759@cxstudio.app,1234567890Aa!,Report Consumer,Man
Ailinel,The Enlightened,ailinel.the.enlightened_760@cxstudio.app,1234567890Aa!,Report Consumer,Man
Glirhuin,Swift River,glirhuin.swift.river_761@cxstudio.app,1234567890Aa!,Report Consumer,Man
Déorwine,The Just,deorwine.the.just_762@cxstudio.app,1234567890Aa!,Report Consumer,Man
Bard,II,bard.ii_763@cxstudio.app,1234567890Aa!,Report Consumer,Man
Háma,Laughing Waters,hama.laughing.waters_764@cxstudio.app,1234567890Aa!,Report Consumer,Man
Olwë,Illuminated,olwe.illuminated_765@cxstudio.app,1234567890Aa!,Report Consumer,Elf
Blanco,Bracegirdle,blanco.bracegirdle_766@cxstudio.app,1234567890Aa!,Report Consumer,Hobbit
Hugo,Bracegirdle,hugo.bracegirdle_767@cxstudio.app,1234567890Aa!,Report Consumer,Hobbit
Salvia,The Charismatic,salvia.the.charismatic_768@cxstudio.app,1234567890Aa!,Report Consumer,Hobbit
Idril,Morning Mist,idril.morning.mist_769@cxstudio.app,1234567890Aa!,Report Consumer,Elf
Elanor,Gardner,elanor.gardner_770@cxstudio.app,1234567890Aa!,Report Consumer,Hobbit
Goldilocks,Illuminated,goldilocks.illuminated_771@cxstudio.app,1234567890Aa!,Report Consumer,Hobbit
Hildibrand,Took,hildibrand.took_772@cxstudio.app,1234567890Aa!,Report Consumer,Hobbit
Hatholdir,Dancing Flame,hatholdir.dancing.flame_773@cxstudio.app,1234567890Aa!,Report Consumer,Man
Halfred,The Enlightened,halfred.the.enlightened_774@cxstudio.app,1234567890Aa!,Report Consumer,Hobbit
Berylla,Boffin,berylla.boffin_775@cxstudio.app,1234567890Aa!,Report Consumer,Hobbit
Gálmód,Gentle,galmod.gentle_776@cxstudio.app,1234567890Aa!,Report Consumer,Man
Mentha,The Fierce,mentha.the.fierce_777@cxstudio.app,1234567890Aa!,Report Consumer,Hobbit
Tar-Telemmaitë,Stone Bear,tar-telemmaite.stone.bear_778@cxstudio.app,1234567890Aa!,Report Consumer,Man
Beregond,Fair,beregond.fair_779@cxstudio.app,1234567890Aa!,Report Consumer,Man
Aravir,Strong Heart,aravir.strong.heart_780@cxstudio.app,1234567890Aa!,Report Consumer,Man
Tosto,Majestic,tosto.majestic_781@cxstudio.app,1234567890Aa!,Report Consumer,Hobbit
Goldberry,Soaring Hawk,goldberry.soaring.hawk_782@cxstudio.app,1234567890Aa!,Report Consumer,unknown
Ulfang,Little Otter,ulfang.little.otter_783@cxstudio.app,1234567890Aa!,Report Consumer,Man
Ecthelion,Whispering Owl,ecthelion.whispering.owl_784@cxstudio.app,1234567890Aa!,Report Consumer,Elf
Adalgar,Bolger,adalgar.bolger_785@cxstudio.app,1234567890Aa!,Report Consumer,Hobbit
Tar-Elendil,Sunlit Canyon,tar-elendil.sunlit.canyon_786@cxstudio.app,1234567890Aa!,Report Consumer,Man
Enel,Terrible,enel.terrible_787@cxstudio.app,1234567890Aa!,Report Consumer,Elf
Marmadoc,Brandybuck,marmadoc.brandybuck_788@cxstudio.app,1234567890Aa!,Report Consumer,Hobbit
Manwendil,Dauntless,manwendil.dauntless_789@cxstudio.app,1234567890Aa!,Report Consumer,Man
Hob,Fair,hob.fair_790@cxstudio.app,1234567890Aa!,Report Consumer,Hobbit
Bill,Adroit,bill.adroit_791@cxstudio.app,1234567890Aa!,Report Consumer,Troll
Khamûl,Skilled,khamul.skilled_792@cxstudio.app,1234567890Aa!,Report Consumer,Man
Fingon,Peaceful River,fingon.peaceful.river_793@cxstudio.app,1234567890Aa!,Report Consumer,Elf
Linda,Jubilant,linda.jubilant_794@cxstudio.app,1234567890Aa!,Report Consumer,Hobbit
Landroval,Distinguished,landroval.distinguished_795@cxstudio.app,1234567890Aa!,Report Consumer,eagle
Halfred,The Empowered,halfred.the.empowered_796@cxstudio.app,1234567890Aa!,Report Consumer,Hobbit
Carc,Running Bear,carc.running.bear_797@cxstudio.app,1234567890Aa!,Report Consumer,raven
Dora,Daring,dora.daring_798@cxstudio.app,1234567890Aa!,Report Consumer,Hobbit
Gálmód,Thundering Falls,galmod.thundering.falls_799@cxstudio.app,1234567890Aa!,Report Consumer,Man
Tuor,Imposing,tuor.imposing_800@cxstudio.app,1234567890Aa!,Report Consumer,Man
Andwise,The Brilliant,andwise.the.brilliant_801@cxstudio.app,1234567890Aa!,Report Consumer,Hobbit
Ted,Empirical,ted.empirical_802@cxstudio.app,1234567890Aa!,Report Consumer,Man
Rudibert,Morning Star,rudibert.morning.star_803@cxstudio.app,1234567890Aa!,Report Consumer,Hobbit
Galdor,Brilliant,galdor.brilliant_804@cxstudio.app,1234567890Aa!,Report Consumer,Man
Paladin,Majestic,paladin.majestic_805@cxstudio.app,1234567890Aa!,Report Consumer,Hobbit
Ori,Cruel,ori.cruel_806@cxstudio.app,1234567890Aa!,Report Consumer,Dwarf
Horn,Ingenious,horn.ingenious_807@cxstudio.app,1234567890Aa!,Report Consumer,Man
Belegund,Wandering Spirit,belegund.wandering.spirit_808@cxstudio.app,1234567890Aa!,Report Consumer,Man
Mauhúr,The Magnificent,mauhur.the.magnificent_809@cxstudio.app,1234567890Aa!,Report Consumer,Orc
Azaghâl,The Fearless,azaghal.the.fearless_810@cxstudio.app,1234567890Aa!,Report Consumer,Dwarf
Gundahar,Bolger,gundahar.bolger_811@cxstudio.app,1234567890Aa!,Report Consumer,Hobbit
Azaghâl,Ornate,azaghal.ornate_812@cxstudio.app,1234567890Aa!,Report Consumer,Dwarf
Halfred,The Enigmatic,halfred.the.enigmatic_813@cxstudio.app,1234567890Aa!,Report Consumer,Hobbit
Saruman,Whispering Pine,saruman.whispering.pine_814@cxstudio.app,1234567890Aa!,Report Consumer,Maia
Glóin,Golden Fields,gloin.golden.fields_815@cxstudio.app,1234567890Aa!,Report Consumer,Dwarf
Oromë,Glorious,orome.glorious_816@cxstudio.app,1234567890Aa!,Report Consumer,Vala
Aredhel,Passionate,aredhel.passionate_817@cxstudio.app,1234567890Aa!,Report Consumer,Elf
Uffo,Boffin,uffo.boffin_818@cxstudio.app,1234567890Aa!,Report Consumer,Hobbit
Ecthelion,Perceptive,ecthelion.perceptive_819@cxstudio.app,1234567890Aa!,Report Consumer,Man
Náin,Quiet Waters,nain.quiet.waters_820@cxstudio.app,1234567890Aa!,Report Consumer,Dwarf
Gilly,Brownlock,gilly.brownlock_821@cxstudio.app,1234567890Aa!,Report Consumer,Hobbit
Orchaldor,Feathered Song,orchaldor.feathered.song_822@cxstudio.app,1234567890Aa!,Report Consumer,Man
Fëanor,The Lionheart,feanor.the.lionheart_823@cxstudio.app,1234567890Aa!,Report Consumer,Elf
Pimpernel,Took,pimpernel.took_824@cxstudio.app,1234567890Aa!,Report Consumer,Hobbit
Isumbras,Cedar Tree,isumbras.cedar.tree_825@cxstudio.app,1234567890Aa!,Report Consumer,Hobbit
Estella,Poetic,estella.poetic_826@cxstudio.app,1234567890Aa!,Report Consumer,Hobbit
Sancho,Red Wolf,sancho.red.wolf_827@cxstudio.app,1234567890Aa!,Report Consumer,Hobbit
Thorondor,Kind,thorondor.kind_828@cxstudio.app,1234567890Aa!,Report Consumer,eagle
Lagduf,Ingenious,lagduf.ingenious_829@cxstudio.app,1234567890Aa!,Report Consumer,Orc
Mosco,Burrows,mosco.burrows_830@cxstudio.app,1234567890Aa!,Report Consumer,Hobbit
Araval,The Valiant,araval.the.valiant_831@cxstudio.app,1234567890Aa!,Report Consumer,Man
Nessa,Starry Night,nessa.starry.night_832@cxstudio.app,1234567890Aa!,Report Consumer,Vala
Elfstan,Falling Leaves,elfstan.falling.leaves_833@cxstudio.app,1234567890Aa!,Report Consumer,Hobbit
Tar-Telemmaitë,Swift River,tar-telemmaite.swift.river_834@cxstudio.app,1234567890Aa!,Report Consumer,Man
Gróin,The Pious,groin.the.pious_835@cxstudio.app,1234567890Aa!,Report Consumer,Dwarf
Thráin,Mighty,thrain.mighty_836@cxstudio.app,1234567890Aa!,Report Consumer,Dwarf
Ruby,Bolger,ruby.bolger_837@cxstudio.app,1234567890Aa!,Report Consumer,Hobbit
Azaghâl,Thundering Sky,azaghal.thundering.sky_838@cxstudio.app,1234567890Aa!,Report Consumer,Dwarf
Boron,Quiet Waters,boron.quiet.waters_839@cxstudio.app,1234567890Aa!,Report Consumer,Man
Enerdhil,The Resolute,enerdhil.the.resolute_840@cxstudio.app,1234567890Aa!,Report Consumer,Elf
Amlach,Mountain Spirit,amlach.mountain.spirit_841@cxstudio.app,1234567890Aa!,Report Consumer,Man
Fastred,Brave Heart,fastred.brave.heart_842@cxstudio.app,1234567890Aa!,Report Consumer,Hobbit
Aragost,Gracious,aragost.gracious_843@cxstudio.app,1234567890Aa!,Report Consumer,Man
Fortinbras,Regal,fortinbras.regal_844@cxstudio.app,1234567890Aa!,Report Consumer,Hobbit
Grimbold,Quiet Dove,grimbold.quiet.dove_845@cxstudio.app,1234567890Aa!,Report Consumer,Man
Dudo,Indomitable,dudo.indomitable_846@cxstudio.app,1234567890Aa!,Report Consumer,Hobbit
Glorfindel,The Illustrious,glorfindel.the.illustrious_847@cxstudio.app,1234567890Aa!,Report Consumer,Elf
Primrose,Majestic,primrose.majestic_848@cxstudio.app,1234567890Aa!,Report Consumer,Hobbit
Bucca,Honorable,bucca.honorable_849@cxstudio.app,1234567890Aa!,Report Consumer,Hobbit
Bregolas,Feathered Song,bregolas.feathered.song_850@cxstudio.app,1234567890Aa!,Report Consumer,Man
Minto,Burrows,minto.burrows_851@cxstudio.app,1234567890Aa!,Report Consumer,Hobbit
Galion,The Brave,galion.the.brave_852@cxstudio.app,1234567890Aa!,Report Consumer,Elf
Primrose,Gardner,primrose.gardner_853@cxstudio.app,1234567890Aa!,Report Consumer,Hobbit
Dorlas,Heroic,dorlas.heroic_854@cxstudio.app,1234567890Aa!,Report Consumer,Man
Marhari,Whispering Pine,marhari.whispering.pine_855@cxstudio.app,1234567890Aa!,Report Consumer,Man
Dior,The Majestic,dior.the.majestic_856@cxstudio.app,1234567890Aa!,Report Consumer,Man
Nolondil,Quiet Serenity,nolondil.quiet.serenity_857@cxstudio.app,1234567890Aa!,Report Consumer,Man
Hallatan,Quiet Serenity,hallatan.quiet.serenity_858@cxstudio.app,1234567890Aa!,Report Consumer,Man
Pansy,Spirited,pansy.spirited_859@cxstudio.app,1234567890Aa!,Report Consumer,Hobbit
Vidumavi,Running Brook,vidumavi.running.brook_860@cxstudio.app,1234567890Aa!,Report Consumer,Man
Elfstan,Wandering Wolf,elfstan.wandering.wolf_861@cxstudio.app,1234567890Aa!,Report Consumer,Hobbit
Lavender,Grubb,lavender.grubb_862@cxstudio.app,1234567890Aa!,Report Consumer,Hobbit
Bolg,Revered,bolg.revered_863@cxstudio.app,1234567890Aa!,Report Consumer,Orc
Gundor,Artful,gundor.artful_864@cxstudio.app,1234567890Aa!,Report Consumer,Man
Marmadoc,The Great,marmadoc.the.great_865@cxstudio.app,1234567890Aa!,Report Consumer,Hobbit
Nora,Singing Hawk,nora.singing.hawk_866@cxstudio.app,1234567890Aa!,Report Consumer,Hobbit
Roäc,The Mighty,roac.the.mighty_867@cxstudio.app,1234567890Aa!,Report Consumer,raven
Halfred,Dancing Willow,halfred.dancing.willow_868@cxstudio.app,1234567890Aa!,Report Consumer,Hobbit
Éomer,Sagacious,eomer.sagacious_869@cxstudio.app,1234567890Aa!,Report Consumer,Man
Gamil,Zirak,gamil.zirak_870@cxstudio.app,1234567890Aa!,Report Consumer,Dwarf
Hildibrand,Falling Rain,hildibrand.falling.rain_871@cxstudio.app,1234567890Aa!,Report Consumer,Hobbit
Dodinas,Cedar Tree,dodinas.cedar.tree_872@cxstudio.app,1234567890Aa!,Report Consumer,Hobbit
Mairen,Legendary,mairen.legendary_873@cxstudio.app,1234567890Aa!,Report Consumer,Man
Mallor,Gracious,mallor.gracious_874@cxstudio.app,1234567890Aa!,Report Consumer,Man
Rose,Gracious,rose.gracious_875@cxstudio.app,1234567890Aa!,Report Consumer,Hobbit
Almiel,Resplendent,almiel.resplendent_876@cxstudio.app,1234567890Aa!,Report Consumer,Man
Ossë,Gentle Breeze,osse.gentle.breeze_877@cxstudio.app,1234567890Aa!,Report Consumer,Maia
Elboron,Spirited,elboron.spirited_878@cxstudio.app,1234567890Aa!,Report Consumer,Man
Madoc,Fair,madoc.fair_879@cxstudio.app,1234567890Aa!,Report Consumer,Hobbit
Radagast,Golden Horizon,radagast.golden.horizon_880@cxstudio.app,1234567890Aa!,Report Consumer,Maia
Ted,Intrepid,ted.intrepid_881@cxstudio.app,1234567890Aa!,Report Consumer,Man
Mimosa,Rising Fire,mimosa.rising.fire_882@cxstudio.app,1234567890Aa!,Report Consumer,Hobbit
Huan,Illuminated,huan.illuminated_883@cxstudio.app,1234567890Aa!,Report Consumer,wolf
Elfhild,The Tenacious,elfhild.the.tenacious_884@cxstudio.app,1234567890Aa!,Report Consumer,Man
Varda,Falling Leaves,varda.falling.leaves_885@cxstudio.app,1234567890Aa!,Report Consumer,Vala
Minardil,The Radiant,minardil.the.radiant_886@cxstudio.app,1234567890Aa!,Report Consumer,Man
Flói,Benevolent,floi.benevolent_887@cxstudio.app,1234567890Aa!,Report Consumer,Dwarf
Nina,Lightfoot,nina.lightfoot_888@cxstudio.app,1234567890Aa!,Report Consumer,Hobbit
Carcharoth,The Brave,carcharoth.the.brave_889@cxstudio.app,1234567890Aa!,Report Consumer,werewolf
Durin,Wandering Wolf,durin.wandering.wolf_890@cxstudio.app,1234567890Aa!,Report Consumer,Dwarf
Thorin,Victorious,thorin.victorious_891@cxstudio.app,1234567890Aa!,Report Consumer,Dwarf
Tobold,Hornblower,tobold.hornblower_892@cxstudio.app,1234567890Aa!,Report Consumer,Hobbit
Ostoher,Radiant,ostoher.radiant_893@cxstudio.app,1234567890Aa!,Report Consumer,Man
Beren,Poetic,beren.poetic_894@cxstudio.app,1234567890Aa!,Report Consumer,Man
Aulë,The Resolute,aule.the.resolute_895@cxstudio.app,1234567890Aa!,Report Consumer,Vala
Narmacil,Quiet Storm,narmacil.quiet.storm_896@cxstudio.app,1234567890Aa!,Report Consumer,Man
Tar-Ancalimë,Virtuous,tar-ancalime.virtuous_897@cxstudio.app,1234567890Aa!,Report Consumer,Man
Ulfast,Brave Bison,ulfast.brave.bison_898@cxstudio.app,1234567890Aa!,Report Consumer,Man
Anairë,Serene Lake,anaire.serene.lake_899@cxstudio.app,1234567890Aa!,Report Consumer,Elf
Fréa,Quiet Fox,frea.quiet.fox_900@cxstudio.app,1234567890Aa!,Report Consumer,Man
Bëor,Swift River,beor.swift.river_901@cxstudio.app,1234567890Aa!,Report Consumer,Man
Elurín,Tranquil,elurin.tranquil_902@cxstudio.app,1234567890Aa!,Report Consumer,Half-elf
Telemnar,Magnanimous,telemnar.magnanimous_903@cxstudio.app,1234567890Aa!,Report Consumer,Man
Bregolas,Resilient,bregolas.resilient_904@cxstudio.app,1234567890Aa!,Report Consumer,Man
Beorn,Pious,beorn.pious_905@cxstudio.app,1234567890Aa!,Report Consumer,Man
Khîm,Rising Sun,khim.rising.sun_906@cxstudio.app,1234567890Aa!,Report Consumer,Dwarf
Fréaláf,Hildeson,frealaf.hildeson_907@cxstudio.app,1234567890Aa!,Report Consumer,Man
Isumbras,Wandering Spirit,isumbras.wandering.spirit_908@cxstudio.app,1234567890Aa!,Report Consumer,Hobbit
Elanor,Resplendent,elanor.resplendent_909@cxstudio.app,1234567890Aa!,Report Consumer,Hobbit
Boromir,Quiet Serenity,boromir.quiet.serenity_910@cxstudio.app,1234567890Aa!,Report Consumer,Man
Hilda,Bracegirdle,hilda.bracegirdle_911@cxstudio.app,1234567890Aa!,Report Consumer,Hobbit
Vorondil,Gracious,vorondil.gracious_912@cxstudio.app,1234567890Aa!,Report Consumer,Man
Tar-Telemmaitë,Golden Fields,tar-telemmaite.golden.fields_913@cxstudio.app,1234567890Aa!,Report Consumer,Man
Finarfin,The Radiant,finarfin.the.radiant_914@cxstudio.app,1234567890Aa!,Report Consumer,Elf
Bard,Running Brook,bard.running.brook_915@cxstudio.app,1234567890Aa!,Report Consumer,Man
Argeleb,Whispering Pine,argeleb.whispering.pine_916@cxstudio.app,1234567890Aa!,Report Consumer,Man
Thingol,Singing Lark,thingol.singing.lark_917@cxstudio.app,1234567890Aa!,Report Consumer,Elf
Polo,Baggins,polo.baggins_918@cxstudio.app,1234567890Aa!,Report Consumer,Hobbit
Seredic,Smiling Fox,seredic.smiling.fox_919@cxstudio.app,1234567890Aa!,Report Consumer,Hobbit
Gil-galad,Dancing Willow,gil-galad.dancing.willow_920@cxstudio.app,1234567890Aa!,Report Consumer,Elf
Vidumavi,The Regal,vidumavi.the.regal_921@cxstudio.app,1234567890Aa!,Report Consumer,Man
Fréaláf,Swift River,frealaf.swift.river_922@cxstudio.app,1234567890Aa!,Report Consumer,Man
Ulrad,Gentle Breeze,ulrad.gentle.breeze_923@cxstudio.app,1234567890Aa!,Report Consumer,Man
Ailinel,The Conscientious,ailinel.the.conscientious_924@cxstudio.app,1234567890Aa!,Report Consumer,Man
Jago,Singing River,jago.singing.river_925@cxstudio.app,1234567890Aa!,Report Consumer,Hobbit
Halfast,Running Deer,halfast.running.deer_926@cxstudio.app,1234567890Aa!,Report Consumer,Hobbit
Pervinca,The Victorious,pervinca.the.victorious_927@cxstudio.app,1234567890Aa!,Report Consumer,Hobbit
Pervinca,The Conscientious,pervinca.the.conscientious_928@cxstudio.app,1234567890Aa!,Report Consumer,Hobbit
Marhwini,Cedar Tree,marhwini.cedar.tree_929@cxstudio.app,1234567890Aa!,Report Consumer,Man
Nolondil,Regal,nolondil.regal_930@cxstudio.app,1234567890Aa!,Report Consumer,Man
Baragund,Smiling Fox,baragund.smiling.fox_931@cxstudio.app,1234567890Aa!,Report Consumer,Man
Dírhavel,Passionate,dirhavel.passionate_932@cxstudio.app,1234567890Aa!,Report Consumer,Man
Amaranth,The Brave,amaranth.the.brave_933@cxstudio.app,1234567890Aa!,Report Consumer,Hobbit
Lotho,Tranquil,lotho.tranquil_934@cxstudio.app,1234567890Aa!,Report Consumer,Hobbit
Minto,Benevolent,minto.benevolent_935@cxstudio.app,1234567890Aa!,Report Consumer,Hobbit
Olwë,The Glorious,olwe.the.glorious_936@cxstudio.app,1234567890Aa!,Report Consumer,Elf
Nimloth,Whispering Owl,nimloth.whispering.owl_937@cxstudio.app,1234567890Aa!,Report Consumer,Elf
Hamfast,The Revered,hamfast.the.revered_938@cxstudio.app,1234567890Aa!,Report Consumer,Hobbit
Éomer,Swift Arrow,eomer.swift.arrow_939@cxstudio.app,1234567890Aa!,Report Consumer,Man
Glóin,Little Falcon,gloin.little.falcon_940@cxstudio.app,1234567890Aa!,Report Consumer,Dwarf
Bergil,Mountain Spirit,bergil.mountain.spirit_941@cxstudio.app,1234567890Aa!,Report Consumer,Man
Anborn,Visionary,anborn.visionary_942@cxstudio.app,1234567890Aa!,Report Consumer,Man
Holfast,Gardner,holfast.gardner_943@cxstudio.app,1234567890Aa!,Report Consumer,Hobbit
Barliman,Whispering Brook,barliman.whispering.brook_944@cxstudio.app,1234567890Aa!,Report Consumer,Man
Dís,Red Wolf,dis.red.wolf_945@cxstudio.app,1234567890Aa!,Report Consumer,Dwarf
Jessamine,Boffin,jessamine.boffin_946@cxstudio.app,1234567890Aa!,Report Consumer,Hobbit
Beregond,Magnificent,beregond.magnificent_947@cxstudio.app,1234567890Aa!,Report Consumer,Man
Haleth,Running Deer,haleth.running.deer_948@cxstudio.app,1234567890Aa!,Report Consumer,Man
Peony,Rising Fire,peony.rising.fire_949@cxstudio.app,1234567890Aa!,Report Consumer,Hobbit
Rosa,Dancing Fire,rosa.dancing.fire_950@cxstudio.app,1234567890Aa!,Report Consumer,Hobbit
Gorbadoc,Rising Moon,gorbadoc.rising.moon_951@cxstudio.app,1234567890Aa!,Report Consumer,Hobbit
Tarondor,Serene Whisper,tarondor.serene.whisper_952@cxstudio.app,1234567890Aa!,Report Consumer,Man
Bob,Inspiring,bob.inspiring_953@cxstudio.app,1234567890Aa!,Report Consumer,Hobbit
Goldberry,Sacred Mesa,goldberry.sacred.mesa_954@cxstudio.app,1234567890Aa!,Report Consumer,unknown
Axantur,Illuminated,axantur.illuminated_955@cxstudio.app,1234567890Aa!,Report Consumer,Man
Hob,Feathered Dreamer,hob.feathered.dreamer_956@cxstudio.app,1234567890Aa!,Report Consumer,Hobbit
Glirhuin,The Audacious,glirhuin.the.audacious_957@cxstudio.app,1234567890Aa!,Report Consumer,Man
Amroth,Stoic,amroth.stoic_958@cxstudio.app,1234567890Aa!,Report Consumer,Elf
Frodo,Steadfast,frodo.steadfast_959@cxstudio.app,1234567890Aa!,Report Consumer,Hobbit
Gwaihir,Thundering Sky,gwaihir.thundering.sky_960@cxstudio.app,1234567890Aa!,Report Consumer,eagle
Doderic,Brandybuck,doderic.brandybuck_961@cxstudio.app,1234567890Aa!,Report Consumer,Hobbit
Fram,The Pious,fram.the.pious_962@cxstudio.app,1234567890Aa!,Report Consumer,Man
Radagast,Running Deer,radagast.running.deer_963@cxstudio.app,1234567890Aa!,Report Consumer,Maia
Largo,The Saint,largo.the.saint_964@cxstudio.app,1234567890Aa!,Report Consumer,Hobbit
Óin,Legendary,oin.legendary_965@cxstudio.app,1234567890Aa!,Report Consumer,Dwarf
Aranuir,Gentle Breeze,aranuir.gentle.breeze_966@cxstudio.app,1234567890Aa!,Report Consumer,Man
Eldacar,Gentle,eldacar.gentle_967@cxstudio.app,1234567890Aa!,Report Consumer,Man
Belecthor,II,belecthor.ii_968@cxstudio.app,1234567890Aa!,Report Consumer,Man
Halfast,Swift River,halfast.swift.river_969@cxstudio.app,1234567890Aa!,Report Consumer,Hobbit
Paladin,Running Thunder,paladin.running.thunder_970@cxstudio.app,1234567890Aa!,Report Consumer,Hobbit
Núneth,Transcendent,nuneth.transcendent_971@cxstudio.app,1234567890Aa!,Report Consumer,Man
Meneldor,The Conqueror,meneldor.the.conqueror_972@cxstudio.app,1234567890Aa!,Report Consumer,eagle
Annael,Pious,annael.pious_973@cxstudio.app,1234567890Aa!,Report Consumer,Elf
Ferumbras,Dancing Flame,ferumbras.dancing.flame_974@cxstudio.app,1234567890Aa!,Report Consumer,Hobbit
Belegorn,Pious,belegorn.pious_975@cxstudio.app,1234567890Aa!,Report Consumer,Man
Mablung,Autumn Sky,mablung.autumn.sky_976@cxstudio.app,1234567890Aa!,Report Consumer,Man
Araval,Resplendent,araval.resplendent_977@cxstudio.app,1234567890Aa!,Report Consumer,Man
Tilion,The Enlightened,tilion.the.enlightened_978@cxstudio.app,1234567890Aa!,Report Consumer,Maia
Ciryon,Rising Moon,ciryon.rising.moon_979@cxstudio.app,1234567890Aa!,Report Consumer,Man
Dairuin,Running Wolf,dairuin.running.wolf_980@cxstudio.app,1234567890Aa!,Report Consumer,Man
Dírhael,The Magnificent,dirhael.the.magnificent_981@cxstudio.app,1234567890Aa!,Report Consumer,Man
Treebeard,Quiet Dove,treebeard.quiet.dove_982@cxstudio.app,1234567890Aa!,Report Consumer,Ent
Ulfast,The Saint,ulfast.the.saint_983@cxstudio.app,1234567890Aa!,Report Consumer,Man
Meneldil,Wise,meneldil.wise_984@cxstudio.app,1234567890Aa!,Report Consumer,Man
Eldacar,Conqueror,eldacar.conqueror_985@cxstudio.app,1234567890Aa!,Report Consumer,Man
Berylla,Empowered,berylla.empowered_986@cxstudio.app,1234567890Aa!,Report Consumer,Hobbit
Kíli,The Mighty,kili.the.mighty_987@cxstudio.app,1234567890Aa!,Report Consumer,Dwarf
Tar-Vanimeldë,Moonlight Shadow,tar-vanimelde.moonlight.shadow_988@cxstudio.app,1234567890Aa!,Report Consumer,Man
Barahir,Swift Feather,barahir.swift.feather_989@cxstudio.app,1234567890Aa!,Report Consumer,Man
Amarië,Empowered,amarie.empowered_990@cxstudio.app,1234567890Aa!,Report Consumer,Elf
Alatar,Legendary,alatar.legendary_991@cxstudio.app,1234567890Aa!,Report Consumer,Maia
Ulmo,Pious,ulmo.pious_992@cxstudio.app,1234567890Aa!,Report Consumer,Vala
Donnamira,Took,donnamira.took_993@cxstudio.app,1234567890Aa!,Report Consumer,Hobbit
Marroc,The Empowered,marroc.the.empowered_994@cxstudio.app,1234567890Aa!,Report Consumer,Hobbit
Tar-Alcarin,Moonlight Shadow,tar-alcarin.moonlight.shadow_995@cxstudio.app,1234567890Aa!,Report Consumer,Man
Ecthelion,Laughing Brook,ecthelion.laughing.brook_996@cxstudio.app,1234567890Aa!,Report Consumer,Man
Belegund,Formidable,belegund.formidable_997@cxstudio.app,1234567890Aa!,Report Consumer,Man
Gorbulas,Ornate,gorbulas.ornate_998@cxstudio.app,1234567890Aa!,Report Consumer,Hobbit
Bard,Rising Fire,bard.rising.fire_999@cxstudio.app,1234567890Aa!,Report Consumer,Man
Araphor,Empirical,araphor.empirical_1000@cxstudio.app,1234567890Aa!,Report Consumer,Man
